"id","name","category","segment","price","features","strengths","limitations","fit_tags","notes","intended_purpose","fitness_of_use"
"1","SimpliSafe 7pc Indoor Security","Security Surveillance Systems","Commercial Home","249.99","7-piece kit with motion sensors, window/door alarms, Wi-Fi control hub, smartphone integration for remote monitoring, live video, and instant alerts","Easy DIY installation, comprehensive home/office protection, 24/7 monitoring via smartphone, reliable sensor coverage, peace-of-mind security","Indoor use only, may require subscription for professional monitoring, not tailored for large-scale or outdoor surveillance","home security, indoor, DIY, remote monitoring","Wi-Fi enabled system with app support for real-time alerts and video","Provide homeowners and small businesses a complete, easy-to-use security solution for monitoring premises","Ideal for small homes or offices needing basic intrusion detection and remote alerting; less suited for expansive properties or outdoor areas"
"2","NightOwl Bluetooth DVR Spotlight Camera System","Security Surveillance Systems","Commercial Home","399.99","Video recording system with Bluetooth-enabled DVR, high-intensity LED spotlight cameras featuring color night vision and two-way audio","Active deterrence with spotlights, ability to communicate via two-way audio, color night vision enhances identification, covers medium to large properties","Installation is more involved with multiple cameras and a DVR, higher power usage for spotlights, may be more than needed for small homes","night vision, two-way audio, medium-large facility, active deterrence","Combines lighting and surveillance; ideal for businesses or larger homes requiring a robust security presence","Offer comprehensive property surveillance that can illuminate intruders and allow communication, improving nighttime security","Great for users needing enhanced nighttime monitoring and interactive security over a wide area; could be overkill for very small properties"
"3","EagleEye 360 Tactical Surveillance Kit","Security Surveillance Systems","Government + Law Enforcement","4995.0","Portable surveillance kit with four magnetic 360° cameras and a central control unit for panoramic video capture and encrypted real-time transmission","Rapid field deployment, full 360-degree situational coverage, secure live video feed to command, rugged design for tactical operations","High cost and requires trained personnel to deploy, limited use outside tactical scenarios, wireless range constraints for remote locations","tactical, rapid deployment, 360-surveillance, encrypted feed","Designed for coordinated law enforcement operations, provides temporary all-around surveillance in critical missions","Allow police or agents to quickly set up a secure, panoramic surveillance network on-site during missions or emergencies","Excellent for SWAT teams or field agents needing immediate video intelligence; not practical for everyday or permanent surveillance needs due to complexity and cost"
"4","Sentinel Tower Autonomous Surveillance Unit","Security Surveillance Systems","Government + Law Enforcement","12750.0","Solar-powered, self-deploying surveillance tower with motion-tracking cameras, radar sensors, and AI threat detection for autonomous monitoring","Operates off-grid with solar, provides 24/7 autonomous surveillance, quickly deployable at crime scenes or events, can detect and alert on suspicious activity without human oversight","Very high cost, requires transport and setup for each deployment, potential false alerts from AI in busy environments, meant for temporary use rather than permanent install","autonomous, solar-powered, event security, temporary deployment","Useful for remote or temporary surveillance needs (e.g., large events, border checkpoints) where infrastructure is lacking","Provide law enforcement a quick-to-deploy, all-in-one surveillance solution for areas with no existing cameras, enhancing security for short-term operations","Ideal for large public events or remote operations where quick and independent surveillance is needed; not cost-effective for routine daily use or fixed long-term installations"
"5","Cobra SC 120 Universal Dashcam","Dashcam","Commercial","99.99","Compact dual-view dashcam recording front and interior in 1080p HD, with built-in GPS and cloud connectivity for video backup","Affordable dual-camera coverage for road and cabin, captures incidents with location data, easy to install and use, cloud backup preserves footage","Video resolution is basic HD (not higher), limited advanced features or night enhancements, relies on smartphone app for cloud features","dashcam, dual-camera, budget, GPS tagging, cloud backup","Entry-level dashcam suitable for personal cars or small fleets to document driving events","Record front road view and interior cabin view for evidence and safety, helping drivers or fleet managers review incidents","Well-suited for cost-conscious drivers wanting standard coverage of trips; may not meet needs of those requiring ultra-high resolution or specialized law enforcement capabilities"
"6","Garmin Dashcam Mini 3 Ultracompact","Dashcam","Commercial","139.99","Ultracompact dashcam (car-key sized) with 1440p QHD video, voice control, automatic incident detection, and Wi-Fi connectivity to Garmin app","Extremely discreet size, high-quality video resolution, hands-free voice commands, automatic upload of incident footage for easy sharing or review","No built-in screen for playback, slightly pricier than basic models, requires smartphone for setup/footage review, field of view may be narrower due to tiny form factor","dashcam, compact, high-resolution, voice control, smart features","Great for drivers who want a nearly invisible camera that still provides advanced features and clarity","Continuously capture driving footage without cluttering the windshield, and quickly save critical videos with minimal driver distraction","Ideal for individuals who prefer an unobtrusive setup with modern features; less ideal if immediate on-device playback or an expansive field of view is a priority"
"7","Garmin Dashcam X210","Dashcam","Government + Law Enforcement","499.0","Law-enforcement grade dashcam with 4K Ultra HD recording, HDR for night, automatic license plate capture mode, and end-to-end encrypted cloud storage","Ultra-clear video and plate readability, excellent night performance, secure cloud evidence storage with chain-of-custody integrity, purpose-built for police needs","Higher cost, large data files due to 4K, requires robust network/storage infrastructure for video management, not as compact as consumer models","police dashcam, 4K, low-light HDR, license plate capture, secure evidence","Intended for patrol vehicles where capturing fine details and securely storing evidence is critical","Enable law enforcement vehicles to capture indisputable video evidence (including plates) day or night, with secure handling for court use","Excellent for police and official fleets that demand top-tier video quality and data security; unnecessary for casual drivers due to its specialized features and cost"
"8","Vantrue Nexus X5","Dashcam","Government + Law Enforcement","699.0","Dual 4K camera system (front and rear) in a rugged, extended-temperature housing, integrated with vehicle telemetry for speed, GPS location, and officer ID tagging","Captures extremely detailed footage from two angles, built to withstand extreme heat/cold and long operation, auto-tags videos with contextual data (speed, location, ID) for evidence","Premium price point, very large video storage requirements, installation and integration with vehicle systems can be complex, overkill for routine driving","dual 4K dashcam, ruggedized, telemetry integration, pursuit-ready","Designed for intense law enforcement scenarios like pursuits or long shifts, ensuring no loss of video or data in harsh conditions","Provide police vehicles a durable, high-definition recording solution that links with vehicle data for complete incident documentation","Ideal for specialized units or extreme environments where maximum detail and reliability are needed; not practical for everyday use or those without the infrastructure to support its data output"
"9","Automated License Plate Recognition (ALPR) Camera System","Traffic Cameras","Government + Law Enforcement","8500.0","High-speed camera setup that scans multiple lanes for license plates in real time, uses OCR and AI to read plates and cross-check vehicle information with law enforcement databases","Automates detection of wanted or non-compliant vehicles, processes many vehicles simultaneously, improves efficiency of traffic enforcement by flagging issues instantly","Expensive and specialized equipment, privacy and legal considerations for mass scanning, requires constant database connectivity and updates, limited to plate-reading function","ALPR, automated enforcement, stolen vehicle detection, traffic monitoring","Commonly deployed on highways or city entry points to monitor and alert on vehicles of interest (stolen, expired registration, etc.)","Streamline traffic law enforcement by automatically identifying vehicles that require police attention (e.g., stolen cars, fugitives, expired registration)","Highly effective for law enforcement agencies to cover more ground with fewer officers by automating checks; not usable by general public or outside law enforcement purposes"
"10","Red Light Enforcement Camera System","Traffic Cameras","Government + Law Enforcement","11200.0","Intersection-mounted camera system triggered by traffic light controller; captures photos of vehicles running red lights with timestamps, location data, and stores evidence securely","Deters red-light running through automated ticketing, provides clear evidence of violations, integrates with municipal citation processes, operates continuously without human oversight","High initial cost and installation effort at each intersection, requires maintenance and calibration, can face legal challenges or driver pushback, only monitors one type of violation","red-light camera, intersection safety, automated ticketing, traffic law enforcement","Used by city traffic departments to enhance safety at dangerous intersections by penalizing red light violations","Improve road safety and law compliance at intersections by automatically capturing and allowing enforcement of red-light violations","Best suited for municipalities aiming to reduce accidents at high-risk intersections. Not applicable outside controlled traffic signals or without government authorization"
"11","Speed Radar Traffic Camera System","Traffic Cameras","Government + Law Enforcement","9750.0","Roadside speed enforcement unit using Doppler radar to detect speeding vehicles, paired with a high-resolution camera to capture license plates and vehicle images for multiple simultaneous violators","Enforces speed limits automatically over multiple lanes, reduces need for physical traffic stops, provides consistent and unbiased speed monitoring, integrates with electronic ticketing systems","Fixed or semi-fixed deployment focusing only on speed (no other violations), may require tuning to avoid false readings (e.g., heavy weather), significant cost and requires legal framework for automated tickets","speed camera, radar detection, highway safety, multi-vehicle","Typically installed on highways or roads with frequent speeding issues, often accompanied by warning signs to improve compliance","Continuously monitor vehicle speeds and capture evidence of speeding to support automated enforcement and improve road safety","Ideal for traffic authorities addressing chronic speeding problems in specific zones. Not useful for general surveillance or off-road applications"
"12","School Zone Enforcement Speed System","Traffic Cameras","Government + Law Enforcement","13600.0","Specialized speed camera that activates only during school hours; uses radar to detect speeders and camera for evidence, includes AI to detect presence of children and adjust enforcement sensitivity","Targets speeding when children are at risk, intelligent adjustment reduces unnecessary tickets when no children present, highly effective in improving safety around schools","Most expensive due to added AI features, limited time window of operation, requires precise scheduling and local law support, not broadly useful outside school zones","school zone, child safety, smart enforcement, time-scheduled","Deployed near schools to protect students by strictly enforcing speed limits only when it matters (during school times with kids present)","Enhance child safety by automatically catching and deterring speeding drivers in school areas when students are likely present","Excellent for communities prioritizing student safety in designated school zones. Not relevant for general traffic enforcement outside of those specific contexts"
"13","Sunglasses with Hidden Camera","Personnel Surveillance","Commercial","179.99","Stylish sunglasses with a discreet 1080p HD micro camera in the bridge, includes internal memory and Bluetooth for transferring footage","Completely covert recording, hands-free operation, functional as regular sunglasses, easy to use for personal security or private investigations","Limited battery life (~90 minutes recording), no real-time streaming, moderate video quality in low light, requires manual retrieval of footage, not suited for continuous surveillance","wearable camera, covert surveillance, personal security, undercover","Useful for capturing interactions or evidence discreetly without drawing attention, commonly used by investigators or security personnel","Allow individuals to record video evidence or monitor situations secretly while appearing to just wear sunglasses","Great for short, discrete recording needs such as undercover stings or personal safety documentation. Not practical for long-duration or nighttime surveillance where specialized equipment is needed"
"14","Necklace with Micro Camera","Personnel Surveillance","Commercial","129.99","Wearable necklace housing a tiny hidden HD camera capable of ~90 minutes continuous recording, with vibration alerts for start/stop","Highly covert and fashionable form factor, simple operation with tactile feedback, good for recording conversations or evidence inconspicuously","Short battery life, limited storage, no wireless connectivity or remote monitoring, video quality may be limited by tiny lens especially in low light, needs close proximity to target for clear capture","hidden camera, wearable tech, undercover recording, short-duration","Often chosen for discreet documentation by journalists or individuals who need to record an event without others knowing","Provide a subtle means of recording video for personal security or investigative purposes without alerting others","Ideal for one-time or short-term covert recording scenarios. Not suitable for extended surveillance or situations that require live monitoring"
"15","Ballistic Vest Worn Body Camera","Personnel Surveillance","Law Enforcement","799.0","Rugged body camera integrated into a ballistic vest, automatically activates when a weapon is drawn or an emergency signal is triggered, with secure wireless video upload","Captures critical incidents automatically without relying on the officer to start recording, fully integrated into gear for comfort, secure upload prevents tampering and ensures evidence is saved, built to survive tough conditions","Integration may only work with specific vest models, higher cost than standard body cams, automatic triggers might not capture routine interactions unless manually activated, requires departmental infrastructure for managing uploads","bodycam, integrated vest, auto-activation, police evidence","Enhances accountability by ensuring video is recorded during high-stress events; part of modern smart uniform initiatives in policing","Ensure that whenever an officer encounters a life-threatening situation (e.g., draws a weapon), a body camera is recording and securely saving the footage without manual intervention","Ideal for police departments that want fail-safe recording of critical incidents. Not applicable for non-law enforcement use and overkill for casual recording needs"
"16","Military Helmet with Camera Integration","Personnel Surveillance","Law Enforcement","1499.0","Advanced tactical helmet with built-in 4K camera streaming live to command, includes night vision and thermal imaging for all-condition visibility","Combines protection with live intelligence, gives commanders real-time views from the field, multi-spectrum imaging (thermal/night) expands operational capability, designed for SWAT and special ops team use","Very high cost per unit, requires reliable comms infrastructure to stream effectively, slightly heavier than standard helmets due to tech, intended for specialized operations only","helmet camera, tactical operations, live-stream, night/thermal vision","Typically deployed in high-risk law enforcement or military operations where enhanced situational awareness and documentation are critical","Provide elite units a helmet that not only protects but also records and transmits battlefield or raid footage for coordination and evidence","Highly suited for planned tactical missions or military engagements that demand oversight. Not designed for everyday patrol duty due to expense and weight"
"17","Helmet-Worn Camera","Personnel Surveillance","Law Enforcement","649.0","Lightweight, impact-resistant camera attachable to standard helmets; captures 4K ultra-wide video with stabilization, offers infrared night vision, voice-activated recording, real-time wireless streaming, and cloud backup","Durable and weatherproof for first responders, high-quality video capture even in motion or low light, hands-free operation via voice, live streaming keeps command in the loop, secure backup ensures no data loss","Requires helmet mounting (not usable without a helmet), dependent on wireless connection for streaming and backup, battery life is finite (though long-lasting, still needs recharging), cost may be high for wide deployment to all officers","helmet-mounted, first responder, high-definition, live streaming, weatherproof","Widely useful across police, firefighting, and emergency services to document incidents from the responder's perspective with minimal interference","Enable on-duty officers and responders to record and broadcast their field of view in real time while keeping their hands free for the task at hand","Excellent for active duty use in various emergency scenarios where documentation and oversight are valuable. Less useful for personnel who do not wear helmets or do not require high-end video recording in their role"
"18","Wraith Autonomous Police Drone Deployment System","Drone Deployment System","Government + Law Enforcement","600000.0","Drone-in-a-box system with automated launch stations citywide; large hybrid-powered octocopter drone (~12hr endurance, 100+ mph, ~50kg payload) equipped with dual-mode non-lethal/lethal turret, 360° high-res cameras (day/night and thermal), LIDAR/radar sensors, AI navigation and target tracking, swarm networking for continuous coverage","Near-instant response to 911 calls or detected incidents, provides aerial surveillance and backup before officers arrive, configurable force options (non-lethal to lethal) under human control, extends coverage and persistence beyond human limitations, improves officer safety and situational awareness with real-time intel","Subject to strict legal and regulatory controls (armed drone use in civilian areas is heavily restricted), extremely high cost and technical complexity, requires significant training and maintenance, potential public concern over privacy and use-of-force, relies on stable communications and robust oversight to function safely","drone first responder, aerial surveillance, rapid response, armed drone capability, police tech","Currently in prototype/early adoption phase; inspired by defense technology but tailored for domestic public safety use, deployment depends on regulatory approvals and funding","Augment police and border patrol operations by rapidly deploying drones that can surveil, track, and if authorized intervene in dangerous situations, aiming to resolve incidents faster and with reduced risk to officers and civilians","Highly effective as a force multiplier for large law enforcement agencies or border security in high-risk, high-priority scenarios. Not applicable for ordinary policing or small jurisdictions given its scale, cost, and regulatory hurdles"
